{
  "bmt": {
    "S": [
      [
        604.362678,
        27.362756967544556
      ],
      [
        605.217595,
        27.32187557220459
      ],
      [
        606.9454,
        27.243532419204712
      ],
      [
        606.782478,
        27.25145196914673
      ],
      [
        600.905732,
        27.51701307296753
      ]
    ],
    "M": [
      [
        569.990148,
        241.45314931869507
      ],
      [
        566.70157,
        242.8612241744995
      ],
      [
        572.560972,
        240.38123488426208
      ],
      [
        567.66501,
        242.4519157409668
      ],
      [
        572.441936,
        240.4314033985138
      ]
    ],
    "L": [
      [
        551.014132,
        210.5509352684021
      ],
      [
        549.338599,
        211.1568365097046
      ],
      [
        547.863773,
        211.75400805473328
      ],
      [
        546.534985,
        212.26361560821533
      ],
      [
        552.75928,
        209.88061714172363
      ]
    ],
    "XL": [
      [
        432.526096,
        282.7322862148285
      ],
      [
        444.763666,
        275.8430097103119
      ],
      [
        441.907597,
        277.8677730560303
      ],
      [
        434.786364,
        281.1279981136322
      ],
      [
        435.054507,
        281.07692217826843
      ]
    ]
  },
  "bmt_pad": {
    "S": [
      [
        714.932413,
        23.14320969581604
      ],
      [
        715.588822,
        23.119696140289307
      ],
      [
        714.44749,
        23.152770519256592
      ],
      [
        711.013767,
        23.26404643058777
      ],
      [
        718.374065,
        23.02614188194275
      ]
    ],
    "M": [
      [
        679.037443,
        202.73070693016052
      ],
      [
        683.596802,
        201.38431525230408
      ],
      [
        678.740918,
        202.82175707817078
      ],
      [
        678.751667,
        202.81831216812134
      ],
      [
        682.697949,
        201.64861869812012
      ]
    ],
    "L": [
      [
        667.208119,
        174.1917369365692
      ],
      [
        662.720217,
        175.3772623538971
      ],
      [
        665.734498,
        174.50820660591125
      ],
      [
        666.576055,
        174.33557534217834
      ],
      [
        665.870817,
        174.58781170845032
      ]
    ],
    "XL": [
      [
        525.429539,
        234.63437008857727
      ],
      [
        526.793125,
        234.11116671562195
      ],
      [
        529.862755,
        232.7319712638855
      ],
      [
        530.175807,
        232.6903681755066
      ],
      [
        526.30357,
        234.33566641807556
      ]
    ]
  },
  "bmt_aos": {
    "S": [
      [
        723.56706,
        22.85482621192932
      ],
      [
        721.318708,
        22.92281699180603
      ],
      [
        720.968234,
        22.933337211608887
      ],
      [
        719.800977,
        22.970649003982544
      ],
      [
        720.870745,
        22.93648409843445
      ]
    ],
    "M": [
      [
        718.525976,
        191.55241179466248
      ],
      [
        718.549236,
        191.5502359867096
      ],
      [
        718.169139,
        191.65147924423218
      ],
      [
        714.689239,
        192.57619714736938
      ],
      [
        716.175331,
        192.1833212375641
      ]
    ],
    "L": [
      [
        719.373453,
        161.26081895828247
      ],
      [
        721.364096,
        160.77717447280884
      ],
      [
        721.716032,
        160.6604709625244
      ],
      [
        721.41201,
        160.86930537223816
      ],
      [
        721.742023,
        160.76110911369324
      ]
    ],
    "XL": [
      [
        718.056347,
        171.5357449054718
      ],
      [
        714.770023,
        172.18738865852356
      ],
      [
        715.10556,
        172.18998789787292
      ],
      [
        718.044185,
        171.62897443771362
      ],
      [
        715.357972,
        172.21856141090393
      ]
    ]
  }
}