{
  "bmt_pad": {
    "S": [
      [
        6257.707709,
        2.6587040424346924
      ],
      [
        6159.274877,
        2.696176528930664
      ],
      [
        6476.638756,
        2.5648677349090576
      ],
      [
        6239.016166,
        2.6615946292877197
      ],
      [
        6153.670466,
        2.698228359222412
      ]
    ],
    "M": [
      [
        5413.119061,
        25.46591091156006
      ],
      [
        5412.984209,
        25.466431856155396
      ],
      [
        5353.012733,
        25.744138479232788
      ],
      [
        5353.456683,
        25.74683904647827
      ],
      [
        5283.794089,
        26.08837580680847
      ]
    ],
    "L": [
      [
        4028.145195,
        28.912553310394287
      ],
      [
        3972.747848,
        29.38154411315918
      ],
      [
        3984.522759,
        29.299979209899902
      ],
      [
        3989.380267,
        29.218368530273438
      ],
      [
        3976.541582,
        29.352954626083374
      ]
    ],
    "XL": [
      [
        2512.655445,
        48.98872900009155
      ],
      [
        2512.220815,
        48.90808701515198
      ],
      [
        2537.367913,
        48.32242560386658
      ],
      [
        2491.64134,
        49.50040149688721
      ],
      [
        2515.345283,
        48.67380619049072
      ]
    ]
  },
  "bmt_aos": {
    "S": [
      [
        7298.009629,
        2.2789087295532227
      ],
      [
        7074.904377,
        2.3453164100646973
      ],
      [
        7527.456433,
        2.205092668533325
      ],
      [
        7071.67178,
        2.3463404178619385
      ],
      [
        7746.795356,
        2.1433165073394775
      ]
    ],
    "M": [
      [
        7007.948791,
        19.689268112182617
      ],
      [
        6946.667652,
        19.86571955680847
      ],
      [
        6959.879448,
        19.827906370162964
      ],
      [
        6933.094303,
        19.903552055358887
      ],
      [
        6926.215182,
        19.922818660736084
      ]
    ],
    "L": [
      [
        6784.334846,
        17.42166519165039
      ],
      [
        6939.761816,
        17.052754878997803
      ],
      [
        7021.420682,
        16.809163570404053
      ],
      [
        6704.287857,
        17.618978261947632
      ],
      [
        6885.912871,
        17.178536653518677
      ]
    ],
    "XL": [
      [
        6834.695137,
        19.227078676223755
      ],
      [
        6845.8759,
        19.318300485610962
      ],
      [
        6845.435163,
        19.475605726242065
      ],
      [
        6834.387106,
        19.647542238235474
      ],
      [
        6822.924961,
        19.274991512298584
      ]
    ]
  },
  "bmt": {
    "S": [
      [
        5284.053947,
        3.140909194946289
      ],
      [
        5290.436784,
        3.1336567401885986
      ],
      [
        5287.095755,
        3.1354033946990967
      ],
      [
        5321.159626,
        3.1152756214141846
      ],
      [
        5293.657812,
        3.131505012512207
      ]
    ],
    "M": [
      [
        4420.935735,
        31.15256404876709
      ],
      [
        4393.905858,
        31.347568035125732
      ],
      [
        4398.421491,
        31.315792083740234
      ],
      [
        4391.922113,
        31.361462593078613
      ],
      [
        4406.312766,
        31.25987696647644
      ]
    ],
    "L": [
      [
        3471.900156,
        33.44201874732971
      ],
      [
        3473.403059,
        33.42796850204468
      ],
      [
        3467.493388,
        33.4852569103241
      ],
      [
        3464.89193,
        33.54056239128113
      ],
      [
        3474.079585,
        33.45917749404907
      ]
    ],
    "XL": [
      [
        2095.603544,
        58.03972101211548
      ],
      [
        2111.107158,
        57.62709856033325
      ],
      [
        2101.411003,
        57.95288324356079
      ],
      [
        2090.90794,
        58.398778200149536
      ],
      [
        2122.312252,
        57.3397958278656
      ]
    ]
  }
}